{
  "command": null,
  "title": null,
  "duration": 133.740425,
  "stdout": [
    [
      0.018411,
      "Welcome to interactive Spry!\r\nAn empty line will evaluate previous lines, so hit enter twice.\r\n>>> "
    ],
    [
      6.018267,
      "\r\u001b[0K>>> b\r\u001b[5C"
    ],
    [
      0.081116,
      "\r\u001b[0K>>> bl\r\u001b[6C"
    ],
    [
      0.140697,
      "\r\u001b[0K>>> blo\r\u001b[7C"
    ],
    [
      0.123684,
      "\r\u001b[0K>>> bloc\r\u001b[8C"
    ],
    [
      0.078794,
      "\r\u001b[0K>>> block\r\u001b[9C"
    ],
    [
      0.088671,
      "\r\u001b[0K>>> block \r\u001b[10C"
    ],
    [
      0.219545,
      "\r\u001b[0K>>> block =\r\u001b[11C"
    ],
    [
      0.056156,
      "\r\u001b[0K>>> block = \r\u001b[12C"
    ],
    [
      0.962048,
      "\r\u001b[0K>>> block = [\r\u001b[13C"
    ],
    [
      1.420728,
      "\r\u001b[0K>>> block = [:\r\u001b[14C"
    ],
    [
      0.378793,
      "\r\u001b[0K>>> block = [:x\r\u001b[15C"
    ],
    [
      0.142985,
      "\r\u001b[0K>>> block = [:x \r\u001b[16C"
    ],
    [
      0.903227,
      "\r\u001b[0K>>> block = [:x +\r\u001b[17C"
    ],
    [
      0.055119,
      "\r\u001b[0K>>> block = [:x + \r\u001b[18C"
    ],
    [
      1.420799,
      "\r\u001b[0K>>> block = [:x + :\r\u001b[19C"
    ],
    [
      0.890457,
      "\r\u001b[0K>>> block = [:x + :y\r\u001b[20C"
    ],
    [
      0.565087,
      "\r\u001b[0K>>> block = [:x + :y]\r\u001b[21C"
    ],
    [
      0.889,
      "\r\n>>> "
    ],
    [
      0.196198,
      "\r\n"
    ],
    [
      0.000612,
      "[:x + :y]\r\n>>> "
    ],
    [
      1.08338,
      "\r\u001b[0K>>> d\r\u001b[5C"
    ],
    [
      0.064574,
      "\r\u001b[0K>>> do\r\u001b[6C"
    ],
    [
      0.06314,
      "\r\u001b[0K>>> do \r\u001b[7C"
    ],
    [
      0.57091,
      "\r\u001b[0K>>> do b\r\u001b[8C"
    ],
    [
      0.0719,
      "\r\u001b[0K>>> do bl\r\u001b[9C"
    ],
    [
      0.140451,
      "\r\u001b[0K>>> do blo\r\u001b[10C"
    ],
    [
      0.067837,
      "\r\u001b[0K>>> do bloc\r\u001b[11C"
    ],
    [
      0.096828,
      "\r\u001b[0K>>> do block\r\u001b[12C"
    ],
    [
      0.072682,
      "\r\u001b[0K>>> do block \r\u001b[13C"
    ],
    [
      0.617057,
      "\r\u001b[0K>>> do block 3\r\u001b[14C"
    ],
    [
      0.096032,
      "\r\u001b[0K>>> do block 3 \r\u001b[15C"
    ],
    [
      0.092747,
      "\r\u001b[0K>>> do block 3 4\r\u001b[16C"
    ],
    [
      0.408742,
      "\r\n"
    ],
    [
      0.000321,
      ">>> "
    ],
    [
      0.158135,
      "\r\n"
    ],
    [
      9.9e-05,
      "7\r\n"
    ],
    [
      0.000306,
      ">>> "
    ],
    [
      6.794682,
      "\r\u001b[0K>>> f\r\u001b[5C"
    ],
    [
      0.072137,
      "\r\u001b[0K>>> fo\r\u001b[6C"
    ],
    [
      0.134151,
      "\r\u001b[0K>>> foo\r\u001b[7C"
    ],
    [
      0.080014,
      "\r\u001b[0K>>> foo \r\u001b[8C"
    ],
    [
      0.260625,
      "\r\u001b[0K>>> foo  \r\u001b[9C\r\u001b[0K>>> foo  )\r\u001b[10C"
    ],
    [
      0.355618,
      "\r\u001b[0K>>> foo  \r\u001b[9C"
    ],
    [
      0.14935,
      "\r\u001b[0K>>> foo \r\u001b[8C"
    ],
    [
      0.22078,
      "\r\u001b[0K>>> foo =\r\u001b[9C"
    ],
    [
      0.07096,
      "\r\u001b[0K>>> foo = \r\u001b[10C"
    ],
    [
      0.442497,
      "\r\u001b[0K>>> foo = f\r\u001b[11C"
    ],
    [
      0.087283,
      "\r\u001b[0K>>> foo = fu\r\u001b[12C"
    ],
    [
      0.155807,
      "\r\u001b[0K>>> foo = fun\r\u001b[13C"
    ],
    [
      0.095335,
      "\r\u001b[0K>>> foo = func\r\u001b[14C"
    ],
    [
      0.109394,
      "\r\u001b[0K>>> foo = func \r\u001b[15C"
    ],
    [
      0.651882,
      "\r\u001b[0K>>> foo = func [\r\u001b[16C"
    ],
    [
      1.762167,
      "\r\u001b[0K>>> foo = func [:\r\u001b[17C"
    ],
    [
      0.879547,
      "\r\u001b[0K>>> foo = func [:x\r\u001b[18C"
    ],
    [
      0.12756,
      "\r\u001b[0K>>> foo = func [:x \r\u001b[19C"
    ],
    [
      0.254777,
      "\r\u001b[0K>>> foo = func [:x +\r\u001b[20C"
    ],
    [
      0.030929,
      "\r\u001b[0K>>> foo = func [:x + \r\u001b[21C"
    ],
    [
      1.31614,
      "\r\u001b[0K>>> foo = func [:x + :\r\u001b[22C"
    ],
    [
      0.70048,
      "\r\u001b[0K>>> foo = func [:x + :y\r\u001b[23C"
    ],
    [
      0.478084,
      "\r\u001b[0K>>> foo = func [:x + :y]\r\u001b[24C"
    ],
    [
      0.588455,
      "\r\n"
    ],
    [
      0.000363,
      ">>> "
    ],
    [
      0.254376,
      "\r\n"
    ],
    [
      0.000294,
      "func [:x + :y]\r\n"
    ],
    [
      9.4e-05,
      ">>> "
    ],
    [
      0.699927,
      "\r\u001b[0K>>> f\r\u001b[5C"
    ],
    [
      0.095699,
      "\r\u001b[0K>>> fo\r\u001b[6C"
    ],
    [
      0.140733,
      "\r\u001b[0K>>> foo\r\u001b[7C"
    ],
    [
      0.056936,
      "\r\u001b[0K>>> foo \r\u001b[8C"
    ],
    [
      0.458041,
      "\r\u001b[0K>>> foo 3\r\u001b[9C"
    ],
    [
      0.089579,
      "\r\u001b[0K>>> foo 3 \r\u001b[10C"
    ],
    [
      0.075598,
      "\r\u001b[0K>>> foo 3 4\r\u001b[11C"
    ],
    [
      0.280316,
      "\r\n"
    ],
    [
      0.000546,
      ">>> "
    ],
    [
      0.293104,
      "\r\n"
    ],
    [
      0.000501,
      "7\r\n>>> "
    ],
    [
      1.85902,
      "\r\u001b[0K>>> b\r\u001b[5C"
    ],
    [
      0.132881,
      "\r\u001b[0K>>> ba\r\u001b[6C"
    ],
    [
      0.047693,
      "\r\u001b[0K>>> bar\r\u001b[7C"
    ],
    [
      0.071796,
      "\r\u001b[0K>>> bar \r\u001b[8C"
    ],
    [
      0.224872,
      "\r\u001b[0K>>> bar =\r\u001b[9C"
    ],
    [
      0.032503,
      "\r\u001b[0K>>> bar = \r\u001b[10C"
    ],
    [
      0.612526,
      "\r\u001b[0K>>> bar = m\r\u001b[11C"
    ],
    [
      0.102727,
      "\r\u001b[0K>>> bar = me\r\u001b[12C"
    ],
    [
      0.040468,
      "\r\u001b[0K>>> bar = met\r\u001b[13C"
    ],
    [
      0.122202,
      "\r\u001b[0K>>> bar = meth\r\u001b[14C"
    ],
    [
      0.200543,
      "\r\u001b[0K>>> bar = metho\r\u001b[15C"
    ],
    [
      0.139591,
      "\r\u001b[0K>>> bar = method\r\u001b[16C"
    ],
    [
      0.591366,
      "\r\u001b[0K>>> bar = method \r\u001b[17C"
    ],
    [
      0.530297,
      "\r\u001b[0K>>> bar = method [\r\u001b[18C"
    ],
    [
      2.270408,
      "\r\u001b[0K>>> bar = method [s\r\u001b[19C"
    ],
    [
      0.173872,
      "\r\u001b[0K>>> bar = method [se\r\u001b[20C"
    ],
    [
      0.119884,
      "\r\u001b[0K>>> bar = method [sel\r\u001b[21C"
    ],
    [
      0.102991,
      "\r\u001b[0K>>> bar = method [self\r\u001b[22C"
    ],
    [
      0.1082,
      "\r\u001b[0K>>> bar = method [self \r\u001b[23C"
    ],
    [
      0.535739,
      "\r\u001b[0K>>> bar = method [self +\r\u001b[24C"
    ],
    [
      0.062472,
      "\r\u001b[0K>>> bar = method [self + \r\u001b[25C"
    ],
    [
      0.475958,
      "\r\u001b[0K>>> bar = method [self + :\r\u001b[26C"
    ],
    [
      0.355141,
      "\r\u001b[0K>>> bar = method [self + :x\r\u001b[27C"
    ],
    [
      0.406619,
      "\r\u001b[0K>>> bar = method [self + :x]\r\u001b[28C"
    ],
    [
      1.045676,
      "\r\n"
    ],
    [
      0.004678,
      ">>> "
    ],
    [
      0.193745,
      "\r\n"
    ],
    [
      0.000473,
      "method [self + :x]\r\n>>> "
    ],
    [
      1.507708,
      "\r\u001b[0K>>> 5\r\u001b[5C"
    ],
    [
      0.117832,
      "\r\u001b[0K>>> 5 \r\u001b[6C"
    ],
    [
      0.814629,
      "\r\u001b[0K>>> 5 b\r\u001b[7C"
    ],
    [
      0.105021,
      "\r\u001b[0K>>> 5 ba\r\u001b[8C"
    ],
    [
      0.033369,
      "\r\u001b[0K>>> 5 bar\r\u001b[9C"
    ],
    [
      0.106442,
      "\r\u001b[0K>>> 5 bar \r\u001b[10C"
    ],
    [
      1.082889,
      "\r\u001b[0K>>> 5 bar 6\r\u001b[11C"
    ],
    [
      0.552583,
      "\r\n"
    ],
    [
      0.000399,
      ">>> "
    ],
    [
      0.389597,
      "\r\n"
    ],
    [
      0.000336,
      "11\r\n>>> "
    ],
    [
      8.563753,
