{
  "duration": 73,
  "command": null,
  "height": 32,
  "version": 1,
  "env": {
    "TERM": "xterm-256color",
    "SHELL": "/bin/bash"
  },
  "title": null,
  "stdout": [
    [
      0.017199,
      "Welcome to interactive Spry!\r\nAn empty line will evaluate previous lines, so hit enter twice.\r\n>>> "
    ],
    [
      2.0082,
      "\r\u001b[0K>>> 3\r\u001b[5C"
    ],
    [
      0.20995,
      "\r\u001b[0K>>> 3 \r\u001b[6C"
    ],
    [
      0.197313,
      "\r\u001b[0K>>> 3 +\r\u001b[7C"
    ],
    [
      0.087701,
      "\r\u001b[0K>>> 3 + \r\u001b[8C"
    ],
    [
      0.301261,
      "\r\u001b[0K>>> 3 + 4\r\u001b[9C"
    ],
    [
      0.686554,
      "\r\u001b[0K>>> 3 + 4 \r\u001b[10C"
    ],
    [
      0.71594,
      "\r\u001b[0K>>> 3 + 4 *\r\u001b[11C"
    ],
    [
      0.229673,
      "\r\u001b[0K>>> 3 + 4 * \r\u001b[12C"
    ],
    [
      0.136355,
      "\r\u001b[0K>>> 3 + 4 * 2\r\u001b[13C"
    ],
    [
      0.395715,
      "\r\n"
    ],
    [
      0.000445,
      ">>> "
    ],
    [
      0.326229,
      "\r\n14\r\n>>> "
    ],
    [
      2.818406,
      "\r\u001b[0K>>> 3\r\u001b[5C"
    ],
    [
      0.153231,
      "\r\u001b[0K>>> 3 \r\u001b[6C"
    ],
    [
      0.118178,
      "\r\u001b[0K>>> 3 +\r\u001b[7C"
    ],
    [
      0.070454,
      "\r\u001b[0K>>> 3 + \r\u001b[8C"
    ],
    [
      1.121863,
      "\r\u001b[0K>>> 3 + (\r\u001b[9C"
    ],
    [
      0.644563,
      "\r\u001b[0K>>> 3 + (4\r\u001b[10C"
    ],
    [
      0.100709,
      "\r\u001b[0K>>> 3 + (4 \r\u001b[11C"
    ],
    [
      0.489002,
      "\r\u001b[0K>>> 3 + (4 *\r\u001b[12C"
    ],
    [
      0.237897,
      "\r\u001b[0K>>> 3 + (4 * \r\u001b[13C"
    ],
    [
      0.129856,
      "\r\u001b[0K>>> 3 + (4 * 2\r\u001b[14C"
    ],
    [
      0.271779,
      "\r\u001b[0K>>> 3 + (4 * 2)\r\u001b[15C"
    ],
    [
      0.573983,
      "\r\n"
    ],
    [
      0.003557,
      ">>> "
    ],
    [
      0.154766,
      "\r\n11\r\n>>> "
    ],
    [
      4.261104,
      "\r\u001b[0K>>> p\r\u001b[5C"
    ],
    [
      0.122462,
      "\r\u001b[0K>>> pa\r\u001b[6C"
    ],
    [
      0.111457,
      "\r\u001b[0K>>> par\r\u001b[7C"
    ],
    [
      0.061727,
      "\r\u001b[0K>>> pare\r\u001b[8C"
    ],
    [
      0.134353,
      "\r\u001b[0K>>> paren\r\u001b[9C"
    ],
    [
      0.063408,
      "\r\u001b[0K>>> paren \r\u001b[10C"
    ],
    [
      0.334272,
      "\r\u001b[0K>>> paren =\r\u001b[11C"
    ],
    [
      0.040122,
      "\r\u001b[0K>>> paren = \r\u001b[12C"
    ],
    [
      0.719782,
      "\r\u001b[0K>>> paren = (\r\u001b[13C"
    ],
    [
      0.399896,
      "\r\u001b[0K>>> paren = (3\r\u001b[14C"
    ],
    [
      0.1094,
      "\r\u001b[0K>>> paren = (3 \r\u001b[15C"
    ],
    [
      0.205554,
      "\r\u001b[0K>>> paren = (3 +\r\u001b[16C"
    ],
    [
      0.071958,
      "\r\u001b[0K>>> paren = (3 + \r\u001b[17C"
    ],
    [
      0.10096,
      "\r\u001b[0K>>> paren = (3 + 4\r\u001b[18C"
    ],
    [
      0.299917,
      "\r\u001b[0K>>> paren = (3 + 4)\r\u001b[19C"
    ],
    [
      1.012089,
      "\r\n>>> "
    ],
    [
      0.164063,
      "\r\n7\r\n>>> "
    ],
    [
      3.419107,
      "\r\u001b[0K>>> p\r\u001b[5C"
    ],
    [
      0.107769,
      "\r\u001b[0K>>> pa\r\u001b[6C"
    ],
    [
      0.148568,
      "\r\u001b[0K>>> par\r\u001b[7C"
    ],
    [
      0.070425,
      "\r\u001b[0K>>> pare\r\u001b[8C"
    ],
    [
      0.150001,
      "\r\u001b[0K>>> paren\r\u001b[9C"
    ],
    [
      0.065455,
      "\r\u001b[0K>>> paren \r\u001b[10C"
    ],
    [
      0.914515,
      "\r\u001b[0K>>> paren =\r\u001b[11C"
    ],
    [
      0.047855,
      "\r\u001b[0K>>> paren = \r\u001b[12C"
    ],
    [
      0.767938,
      "\r\u001b[0K>>> paren = $\r\u001b[13C"
    ],
    [
      0.880258,
      "\r\u001b[0K>>> paren = $ \r\u001b[14C"
    ],
    [
      1.115991,
      "\r\u001b[0K>>> paren = $ (\r\u001b[15C"
    ],
    [
      0.372504,
      "\r\u001b[0K>>> paren = $ ( \r\u001b[16C"
    ],
    [
      0.230601,
      "\r\u001b[0K>>> paren = $ ( 3\r\u001b[17C"
    ],
    [
      0.108664,
      "\r\u001b[0K>>> paren = $ ( 3 \r\u001b[18C"
    ],
    [
      0.497043,
      "\r\u001b[0K>>> paren = $ ( 3\r\u001b[17C"
    ],
    [
      0.14196,
      "\r\u001b[0K>>> paren = $ ( \r\u001b[16C"
    ],
    [
      0.149421,
      "\r\u001b[0K>>> paren = $ (\r\u001b[15C"
    ],
    [
      0.139011,
      "\r\u001b[0K>>> paren = $ (3\r\u001b[16C"
    ],
    [
      0.102352,
      "\r\u001b[0K>>> paren = $ (3 \r\u001b[17C"
    ],
    [
      0.639354,
      "\r\u001b[0K>>> paren = $ (3 +\r\u001b[18C"
    ],
    [
      0.05503,
      "\r\u001b[0K>>> paren = $ (3 + \r\u001b[19C"
    ],
    [
      0.225753,
      "\r\u001b[0K>>> paren = $ (3 + 4\r\u001b[20C"
    ],
    [
      0.288773,
      "\r\u001b[0K>>> paren = $ (3 + 4)\r\u001b[21C"
    ],
    [
      1.190477,
      "\r\n>>> "
    ],
    [
      0.165576,
      "\r\n"
    ],
    [
      0.00018,
      "(3 + 4)\r\n>>> "
    ],
    [
      2.708985,
      "\r\u001b[0K>>> p\r\u001b[5C"
    ],
    [
      0.110873,
      "\r\u001b[0K>>> pa\r\u001b[6C"
    ],
    [
      0.098745,
      "\r\u001b[0K>>> par\r\u001b[7C"
    ],
    [
      0.080388,
      "\r\u001b[0K>>> pare\r\u001b[8C"
    ],
    [
      0.101189,
      "\r\u001b[0K>>> paren\r\u001b[9C"
    ],
    [
      0.640716,
      "\r\n"
    ],
    [
      0.000291,
      ">>> "
    ],
    [
      0.173092,
      "\r\n"
    ],
    [
      0.000397,
      "7\r\n>>> "
    ],
    [
      3.305609,
      "\r\u001b[0K>>> $\r\u001b[5C"
    ],
    [
      0.336339,
      "\r\u001b[0K>>> $p\r\u001b[6C"
    ],
    [
      0.110253,
      "\r\u001b[0K>>> $pa\r\u001b[7C"
    ],
    [
      0.098711,
      "\r\u001b[0K>>> $par\r\u001b[8C"
    ],
    [
      0.071212,
      "\r\u001b[0K>>> $pare\r\u001b[9C"
    ],
    [
      0.133619,
      "\r\u001b[0K>>> $paren\r\u001b[10C"
    ],
    [
      0.800731,
      "\r\n"
    ],
    [
      0.000452,
      ">>> "
    ],
    [
      0.184104,
      "\r\n"
    ],
    [
      0.000484,
      "(3 + 4)\r\n>>> "
    ],
    [
      2.80383,
      "\r\u001b[0K>>> $\r\u001b[5C"
    ],
    [
      0.257598,
      "\r\u001b[0K>>> $p\r\u001b[6C"
    ],
    [
      0.122904,
      "\r\u001b[0K>>> $pa\r\u001b[7C"
    ],
    [
      0.350929,
      "\r\u001b[0K>>> $par\r\u001b[8C"
    ],
    [
      0.095434,
      "\r\u001b[0K>>> $pare\r\u001b[9C"
    ],
    [
      0.206266,
      "\r\u001b[0K>>> $paren\r\u001b[10C"
    ],
    [
      0.063329,
      "\r\u001b[0K>>> $paren \r\u001b[11C"
    ],
    [
      1.115039,
      "\r\u001b[0K>>> $paren a\r\u001b[12C"
    ],
    [
      0.079757,
      "\r\u001b[0K>>> $paren at\r\u001b[13C"
    ],
    [
      0.575392,
      "\r\u001b[0K>>> $paren at:\r\u001b[14C"
    ],
    [
      0.039396,
      "\r\u001b[0K>>> $paren at: \r\u001b[15C"
    ],
    [
      0.418824,
      "\r\u001b[0K>>> $paren at: 0\r\u001b[16C"
    ],
    [
      0.407027,
      "\r\n"
    ],
    [
      0.000512,
      ">>> "
    ],
    [
      0.149139,
      "\r\n"
    ],
    [
      0.003858,
      "3\r\n>>> "
    ],
    [
      4.057923,
      "\r\u001b[0K>>> p\r\u001b[5C"
    ],
    [
      0.154098,
      "\r\u001b[0K>>> pa\r\u001b[6C"
    ],
    [
      0.098471,
      "\r\u001b[0K>>> par\r\u001b[7C"
    ],
    [
      0.076336,
      "\r\u001b[0K>>> pare\r\u001b[8C"
    ],
    [
      0.117229,
      "\r\u001b[0K>>> paren\r\u001b[9C"
    ],
    [
      0.048401,
      "\r\u001b[0K>>> paren \r\u001b[10C"
    ],
    [
      0.155455,
      "\r\u001b[0K>>> paren t\r\u001b[11C"
    ],
    [
      0.406794,
      "\r\u001b[0K>>> paren ty\r\u001b[12C"
    ],
    [
      0.1916,
      "\r\u001b[0K>>> paren typ\r\u001b[13C"
    ],
    [
      0.091253,
      "\r\u001b[0K>>> paren type\r\u001b[14C"
    ],
    [
      0.27292,
      "\r\n"
    ],
    [
      0.000346,
      ">>> "
    ],
    [
      0.149441,
      "\r\n"
    ],
    [
      0.000403,
